{
    "hist_stack": {
        "WZ#rightarrow3l": [
            0.15914504697568077,
            0.030675733899869859
        ],
        "(1#times) m_{H} = 125": [
            0.34770902641636858,
            0.019075517177799664
        ],
        "VH H#rightarrowWW": [
            0.021640918878393211,
            0.0017136921985650129
        ],
        "ZZ": [
            0.50510090942372177,
            0.019264673144986338
        ],
        "WZ#rightarrowl#tau#tau": [
            2.544418921430327,
            0.1255457885589461
        ],
        "Reducible bkg.": [
            0.48478399006152678,
            0.26204202258953402
        ]
    },
    "Bkg. Unc.": [
        3.6934488678912563,
        0.55544243753833578
    ]
}