{
    "Observed": [
        255.0,
        15.968719422671311
    ],
    "hist_stack": {
        "Reducible bkg.": [
            192.0214323299283,
            5.81414980499199
        ],
        "WZ#rightarrow3l": [
            18.583894769952167,
            0.45250146886111986
        ],
        "ZZ": [
            1.2020529804522084,
            0.025860969800336159
        ],
        "WZ#rightarrowl#tau#tau": [
            7.0328117808676325,
            0.27779022178481977
        ]
    },
    "Bkg. Unc.": [
        218.84019186120031,
        16.789586327564219
    ]
}