{
    "Observed": [
        31.0,
        5.5677643628300215
    ],
    "hist_stack": {
        "Reducible bkg.": [
            19.46786735396633,
            1.8421523721909512
        ],
        "WZ#rightarrow3l": [
            5.4033021781208035,
            0.18569888199728093
        ],
        "ZZ": [
            0.47438090468334948,
            0.018822305291078804
        ],
        "WZ#rightarrowl#tau#tau": [
            2.5514406328342121,
            0.12601528913865345
        ]
    },
    "Bkg. Unc.": [
        27.896991069604695,
        3.6051246254908405
    ]
}