{
    "Observed": [
        29.0,
        5.3851648071345037
    ],
    "hist_stack": {
        "Reducible bkg.": [
            14.312258252499037,
            1.5917307037500246
        ],
        "WZ#rightarrow3l": [
            3.8517013462475385,
            0.15567643551569643
        ],
        "ZZ": [
            0.35325658418412886,
            0.016189075107301346
        ],
        "WZ#rightarrowl#tau#tau": [
            1.350911782419888,
            0.091848979319674701
        ]
    },
    "Bkg. Unc.": [
        19.868127965350595,
        2.4608553349028899
    ]
}