{
    "hist_stack": {
        "WZ#rightarrow3l": [
            0.27587188291363418,
            0.057807631881453769
        ],
        "(1#times) m_{H} = 125": [
            0.0018530215020291507,
            0.0016582581225597986
        ],
        "VH H#rightarrowWW": [
            0.0007267264173278818,
            0.00057624653590739982
        ],
        "ZZ": [
            0.018650397052624612,
            0.0032542961293028894
        ],
        "WZ#rightarrowl#tau#tau": [
            0.10696792131057009,
            0.033242711533019345
        ],
        "Reducible bkg.": [
            1.1620400509574382,
            0.25700238962003263
        ]
    },
    "Bkg. Unc.": [
        1.5635302522342671,
        1.1626707615339118
    ]
}