{
    "hist_stack": {
        "WZ#rightarrow3l": [
            0.13267120441443581,
            0.028137100440257422
        ],
        "(1#times) m_{H} = 125": [
            0.32921022322490534,
            0.018569072372629444
        ],
        "VH H#rightarrowWW": [
            0.019682630375779341,
            0.0016390136717362525
        ],
        "ZZ": [
            0.43048913169134018,
            0.01784217165994061
        ],
        "WZ#rightarrowl#tau#tau": [
            2.2181508310076543,
            0.11738230013344837
        ],
        "Reducible bkg.": [
            0.36439424675085852,
            0.21250140870192785
        ]
    },
    "Bkg. Unc.": [
        3.145705413864289,
        0.43398539481806658
    ]
}