{
    "hist_stack": {
        "WZ#rightarrow3l": [
            0.38023168558720499,
            0.067895904300303053
        ],
        "(1#times) m_{H} = 125": [
            0.0058631549472920597,
            0.0043394687894112473
        ],
        "VH H#rightarrowWW": [
            0.0018125466269702884,
            0.00096025830383626352
        ],
        "ZZ": [
            0.037890332167080487,
            0.0046832416927867111
        ],
        "WZ#rightarrowl#tau#tau": [
            0.2251720983767882,
            0.048340163710175639
        ],
        "Reducible bkg.": [
            5.2824557627605042,
            1.0113155173565678
        ]
    },
    "Bkg. Unc.": [
        5.9257498788915779,
        5.2828028848350641
    ]
}