{
    "hist_stack": {
        "WZ#rightarrow3l": [
            0.051754935673670843,
            0.018336669677070982
        ],
        "(1#times) m_{H} = 125": [
            2.1490917788469233e-05,
            2.1490917644585657e-05
        ],
        "VH H#rightarrowWW": [
            0.00016213382664226607,
            0.000150664001554059
        ],
        "ZZ": [
            0.0063510432200928335,
            0.0021382384427774889
        ],
        "WZ#rightarrowl#tau#tau": [
            0.020511907845502719,
            0.011831412504796371
        ],
        "Reducible bkg.": [
            0.95397662963057717,
            0.81623901754184103
        ]
    },
    "Bkg. Unc.": [
        1.0325945163698436,
        0.95400403530867606
    ]
}