{
    "hist_stack": {
        "WZ#rightarrow3l": [
            0.24575937783811241,
            0.050281157135763484
        ],
        "(1#times) m_{H} = 125": [
            0.25201126903994009,
            0.032295433096832422
        ],
        "VH H#rightarrowWW": [
            0.018645027662572831,
            0.0031195559858677798
        ],
        "ZZ": [
            0.43821361892332789,
            0.015734310714070655
        ],
        "WZ#rightarrowl#tau#tau": [
            4.6627850883523934,
            0.22677850526564688
        ],
        "Reducible bkg.": [
            8.9687359700594786,
            1.4787886561053949
        ]
    },
    "Bkg. Unc.": [
        14.315494055173312,
        1.6787806182427414
    ]
}