{
    "hist_stack": {
        "WZ#rightarrow3l": [
            0.84243766649160534,
            0.096651458428278866
        ],
        "(1#times) m_{H} = 125": [
            1.4573029586317716,
            0.077845497191859014
        ],
        "VH H#rightarrowWW": [
            0.074929581613239871,
            0.0064580434650428056
        ],
        "ZZ": [
            1.0125805982916063,
            0.023895788712763134
        ],
        "WZ#rightarrowl#tau#tau": [
            13.292882269219263,
            0.38319240070334465
        ],
        "Reducible bkg.": [
            15.543146595985927,
            1.8996323958348824
        ]
    },
    "Bkg. Unc.": [
        30.691047129988402,
        4.5144806756933766
    ]
}