{
    "hist_stack": {
        "WZ#rightarrow3l": [
            0.10435980267357081,
            0.035610834264507771
        ],
        "(1#times) m_{H} = 125": [
            0.0040101334452629089,
            0.0040101333360923006
        ],
        "VH H#rightarrowWW": [
            0.0010858202096424067,
            0.00076813796933963613
        ],
        "ZZ": [
            0.019239935114455875,
            0.0033678345351070877
        ],
        "WZ#rightarrowl#tau#tau": [
            0.11820417706621811,
            0.035095491982005955
        ],
        "Reducible bkg.": [
            4.1204157118030658,
            0.97811494589121506
        ]
    },
    "Bkg. Unc.": [
        4.3622196266573106,
        4.1204758921275717
    ]
}