{
    "Observed": [
        40.0,
        6.324555320336759
    ],
    "hist_stack": {
        "Reducible bkg.": [
            25.558930095182355,
            2.252709249036974
        ],
        "WZ#rightarrow3l": [
            5.6901240653205249,
            0.19039864288564784
        ],
        "ZZ": [
            0.50718221582690759,
            0.019443348036428557
        ],
        "WZ#rightarrowl#tau#tau": [
            2.8319897155186,
            0.13261052399150489
        ]
    },
    "Bkg. Unc.": [
        34.588226091848391,
        5.8455111352377216
    ]
}