{
    "hist_stack": {
        "WZ#rightarrow3l": [
            0.59667828865349293,
            0.082542774689260245
        ],
        "(1#times) m_{H} = 125": [
            1.2052916895918315,
            0.070830264958813699
        ],
        "VH H#rightarrowWW": [
            0.056284553950667032,
            0.0056546172149331718
        ],
        "ZZ": [
            0.57436697936827841,
            0.017984442848142393
        ],
        "WZ#rightarrowl#tau#tau": [
            8.6300971808668692,
            0.30888173385014467
        ],
        "Reducible bkg.": [
            6.5744106259264496,
            1.1923872482878108
        ]
    },
    "Bkg. Unc.": [
        16.375553074815091,
        3.6404269375157821
    ]
}