{
    "Observed": [
        22.0,
        4.6904157598234297
    ],
    "hist_stack": {
        "Reducible bkg.": [
            9.5749872612099391,
            1.1411686196927631
        ],
        "WZ#rightarrow3l": [
            3.6538792741990997,
            0.15186386899463289
        ],
        "ZZ": [
            0.33098616247287382,
            0.01567797648159126
        ],
        "WZ#rightarrowl#tau#tau": [
            1.2611752291070557,
            0.088627011713470441
        ]
    },
    "Bkg. Unc.": [
        14.821027926988968,
        2.1995229808884034
    ]
}