{
    "Observed": [
        320.0,
        17.888543819998318
    ],
    "hist_stack": {
        "Reducible bkg.": [
            236.28591438982565,
            6.501166848033801
        ],
        "WZ#rightarrow3l": [
            25.696095271734521,
            0.53175893420155407
        ],
        "ZZ": [
            1.5290041912521701,
            0.029394148699720974
        ],
        "WZ#rightarrowl#tau#tau": [
            13.828833523322828,
            0.38986927682195865
        ]
    },
    "Bkg. Unc.": [
        277.33984737613514,
        18.250912972784491
    ]
}