{
    "hist_stack": {
        "WZ#rightarrow3l": [
            0.051754935673670843,
            0.018336669677070982
        ],
        "(1#times) m_{H} = 125": [
            2.1490917788469233e-05,
            2.1490917644585657e-05
        ],
        "VH H#rightarrowWW": [
            0.00016213403581591046,
            0.0001506640015542042
        ],
        "ZZ": [
            0.0063510432200928335,
            0.0021382384427774889
        ],
        "WZ#rightarrowl#tau#tau": [
            0.032470249891048297,
            0.014545085305152496
        ],
        "Reducible bkg.": [
            1.2359918779706112,
            0.85530365408828279
        ]
    },
    "Bkg. Unc.": [
        1.3265681067554231,
        1.2304713254188246
    ]
}